{
    "rmse": 0.8052004526578861,
    "mae": 0.6590150796814735,
    "r2": 0.007892952053204949
}